Index,Label
1.jpg,0
2.jpg,1
3.jpg,2
4.jpg,3
5.jpg,4
6.jpg,5
7.jpg,6
8.jpg,7
9.jpg,8
10.jpg,9
11.jpg,10
12.jpg,11
13.jpg,12
14.jpg,13
15.jpg,14
16.jpg,15
17.jpg,0
18.jpg,1
19.jpg,2
20.jpg,3
21.jpg,4
22.jpg,5
23.jpg,6
24.jpg,7
25.jpg,8
26.jpg,9
27.jpg,10
28.jpg,11
29.jpg,12
30.jpg,13
31.jpg,14
32.jpg,15
33.jpg,0
34.jpg,1
35.jpg,2
36.jpg,3
37.jpg,4
38.jpg,5
39.jpg,6
40.jpg,7
41.jpg,8
42.jpg,9
43.jpg,10
44.jpg,11
45.jpg,12
46.jpg,13
47.jpg,14
48.jpg,15
49.jpg,0
50.jpg,1
51.jpg,2
52.jpg,3
53.jpg,4
54.jpg,5
55.jpg,6
56.jpg,7
57.jpg,8
58.jpg,9
59.jpg,10
60.jpg,11
61.jpg,12
62.jpg,13
63.jpg,14
64.jpg,15
65.jpg,0
66.jpg,1
67.jpg,2
68.jpg,3
69.jpg,4
70.jpg,5
71.jpg,6
72.jpg,7
73.jpg,8
74.jpg,9
75.jpg,10
76.jpg,11
77.jpg,12
78.jpg,13
79.jpg,14
80.jpg,15
81.jpg,0
82.jpg,1
83.jpg,2
84.jpg,3
85.jpg,4
86.jpg,5
87.jpg,6
88.jpg,7
89.jpg,8
90.jpg,9
91.jpg,10
92.jpg,11
93.jpg,12
94.jpg,13
95.jpg,14
96.jpg,15
97.jpg,0
98.jpg,1
99.jpg,2
100.jpg,3
101.jpg,4
102.jpg,5
103.jpg,6
104.jpg,7
105.jpg,8
106.jpg,9
107.jpg,10
108.jpg,11
109.jpg,12
110.jpg,13
111.jpg,14
112.jpg,15
113.jpg,0
114.jpg,1
115.jpg,2
116.jpg,3
117.jpg,4
118.jpg,5
119.jpg,6
120.jpg,7
121.jpg,8
122.jpg,9
123.jpg,10
124.jpg,11
125.jpg,12
126.jpg,13
127.jpg,14
128.jpg,15
129.jpg,0
130.jpg,1
131.jpg,2
132.jpg,3
133.jpg,4
134.jpg,5
135.jpg,6
136.jpg,7
137.jpg,8
138.jpg,9
139.jpg,10
140.jpg,11
141.jpg,12
142.jpg,13
143.jpg,14
144.jpg,15
145.jpg,0
146.jpg,1
147.jpg,2
148.jpg,3
149.jpg,4
150.jpg,5
151.jpg,6
152.jpg,7
153.jpg,8
154.jpg,9
155.jpg,10
156.jpg,11
157.jpg,12
158.jpg,13
159.jpg,14
160.jpg,15
161.jpg,0
162.jpg,1
163.jpg,2
164.jpg,3
165.jpg,4
166.jpg,5
167.jpg,6
168.jpg,7
169.jpg,8
170.jpg,9
171.jpg,10
172.jpg,11
173.jpg,12
174.jpg,13
175.jpg,14
176.jpg,15
177.jpg,0
178.jpg,1
179.jpg,2
180.jpg,3
181.jpg,4
182.jpg,5
183.jpg,6
184.jpg,7
185.jpg,8
186.jpg,9
187.jpg,10
188.jpg,11
189.jpg,12
190.jpg,13
191.jpg,14
192.jpg,15
193.jpg,0
194.jpg,1
195.jpg,2
196.jpg,3
197.jpg,4
198.jpg,5
199.jpg,6
200.jpg,7
201.jpg,8
202.jpg,9
203.jpg,10
204.jpg,11
205.jpg,12
206.jpg,13
207.jpg,14
208.jpg,15
209.jpg,0
210.jpg,1
211.jpg,2
212.jpg,3
213.jpg,4
214.jpg,5
215.jpg,6
216.jpg,7
217.jpg,8
218.jpg,9
219.jpg,10
220.jpg,11
221.jpg,12
222.jpg,13
223.jpg,14
224.jpg,15
225.jpg,0
226.jpg,1
227.jpg,2
228.jpg,3
229.jpg,4
230.jpg,5
231.jpg,6
232.jpg,7
233.jpg,8
234.jpg,9
235.jpg,10
236.jpg,11
237.jpg,12
238.jpg,13
239.jpg,14
240.jpg,15
241.jpg,0
242.jpg,1
243.jpg,2
244.jpg,3
245.jpg,4
246.jpg,5
247.jpg,6
248.jpg,7
249.jpg,8
250.jpg,9
251.jpg,10
252.jpg,11
253.jpg,12
254.jpg,13
255.jpg,14
256.jpg,15
257.jpg,0
258.jpg,1
259.jpg,2
260.jpg,3
261.jpg,4
262.jpg,5
263.jpg,6
264.jpg,7
265.jpg,8
266.jpg,9
267.jpg,10
268.jpg,11
269.jpg,12
270.jpg,13
271.jpg,14
272.jpg,15
273.jpg,0
274.jpg,1
275.jpg,2
276.jpg,3
277.jpg,4
278.jpg,5
279.jpg,6
280.jpg,7
281.jpg,8
282.jpg,9
283.jpg,10
284.jpg,11
285.jpg,12
286.jpg,13
287.jpg,14
288.jpg,15
289.jpg,0
290.jpg,1
291.jpg,2
292.jpg,3
293.jpg,4
294.jpg,5
295.jpg,6
296.jpg,7
297.jpg,8
298.jpg,9
299.jpg,10
300.jpg,11
301.jpg,12
302.jpg,13
303.jpg,14
304.jpg,15
305.jpg,0
306.jpg,1
307.jpg,2
308.jpg,3
309.jpg,4
310.jpg,5
311.jpg,6
312.jpg,7
313.jpg,8
314.jpg,9
315.jpg,10
316.jpg,11
317.jpg,12
318.jpg,13
319.jpg,14
320.jpg,15
321.jpg,0
322.jpg,1
323.jpg,2
324.jpg,3
325.jpg,4
326.jpg,5
327.jpg,6
328.jpg,7
329.jpg,8
330.jpg,9
331.jpg,10
332.jpg,11
333.jpg,12
334.jpg,13
335.jpg,14
336.jpg,15
337.jpg,0
338.jpg,1
339.jpg,2
340.jpg,3
341.jpg,4
342.jpg,5
343.jpg,6
344.jpg,7
345.jpg,8
346.jpg,9
347.jpg,10
348.jpg,11
349.jpg,12
350.jpg,13
351.jpg,14
352.jpg,15
353.jpg,0
354.jpg,1
355.jpg,2
356.jpg,3
357.jpg,4
358.jpg,5
359.jpg,6
360.jpg,7
361.jpg,8
362.jpg,9
363.jpg,10
364.jpg,11
365.jpg,12
366.jpg,13
367.jpg,14
368.jpg,15
369.jpg,0
370.jpg,1
371.jpg,2
372.jpg,3
373.jpg,4
374.jpg,5
375.jpg,6
376.jpg,7
377.jpg,8
378.jpg,9
379.jpg,10
380.jpg,11
381.jpg,12
382.jpg,13
383.jpg,14
384.jpg,15
385.jpg,1
386.jpg,1
387.jpg,1
388.jpg,1
389.jpg,1
390.jpg,1
391.jpg,1
392.jpg,1
393.jpg,2
394.jpg,2
395.jpg,2
396.jpg,2
397.jpg,2
398.jpg,2
399.jpg,2
400.jpg,2
401.jpg,3
402.jpg,3
403.jpg,3
404.jpg,3
405.jpg,3
406.jpg,3
407.jpg,3
408.jpg,3
409.jpg,4
410.jpg,4
411.jpg,4
412.jpg,4
413.jpg,4
414.jpg,4
415.jpg,4
416.jpg,4
417.jpg,5
418.jpg,5
419.jpg,5
420.jpg,5
421.jpg,5
422.jpg,5
423.jpg,5
424.jpg,5
425.jpg,6
426.jpg,6
427.jpg,6
428.jpg,6
429.jpg,6
430.jpg,6
431.jpg,6
432.jpg,6
433.jpg,7
434.jpg,7
435.jpg,7
436.jpg,7
437.jpg,7
438.jpg,7
439.jpg,7
440.jpg,7
441.jpg,8
442.jpg,8
443.jpg,8
444.jpg,8
445.jpg,8
446.jpg,8
447.jpg,8
448.jpg,8
449.jpg,9
450.jpg,9
451.jpg,9
452.jpg,9
453.jpg,9
454.jpg,9
455.jpg,9
456.jpg,9
457.jpg,10
458.jpg,10
459.jpg,10
460.jpg,10
461.jpg,10
462.jpg,10
463.jpg,10
464.jpg,10
465.jpg,11
466.jpg,11
467.jpg,11
468.jpg,11
469.jpg,11
470.jpg,11
471.jpg,11
472.jpg,11
473.jpg,12
474.jpg,12
475.jpg,12
476.jpg,12
477.jpg,12
478.jpg,12
479.jpg,12
480.jpg,12
481.jpg,13
482.jpg,13
483.jpg,13
484.jpg,13
485.jpg,13
486.jpg,13
487.jpg,13
488.jpg,13
489.jpg,14
490.jpg,14
491.jpg,14
492.jpg,14
493.jpg,14
494.jpg,14
495.jpg,14
496.jpg,14
497.jpg,15
498.jpg,15
499.jpg,15
500.jpg,15
501.jpg,15
502.jpg,15
503.jpg,15
504.jpg,15
505.jpg,0
506.jpg,0
507.jpg,0
508.jpg,0
509.jpg,0
510.jpg,0
511.jpg,0
512.jpg,0
513.png,0
514.png,1
515.png,2
516.png,3
517.png,4
518.png,5
519.png,6
520.png,7
521.png,8
522.png,9
523.png,10
524.png,11
525.png,12
526.png,13
527.png,14
528.png,15
529.png,0
530.png,1
531.png,2
532.png,3
533.png,4
534.png,5
535.png,6
536.png,7
537.png,8
538.png,9
539.png,10
540.png,11
541.png,12
542.png,13
543.png,14
544.png,15
545.png,0
546.png,1
547.png,2
548.png,3
549.png,4
550.png,5
551.png,6
552.png,7
553.png,8
554.png,9
555.png,10
556.png,11
557.png,12
558.png,13
559.png,14
560.png,15
561.png,0
562.png,1
563.png,2
564.png,3
565.png,4
566.png,5
567.png,6
568.png,7
569.png,8
570.png,9
571.png,10
572.png,11
573.png,12
574.png,13
575.png,14
576.png,15
577.png,0
578.png,1
579.png,2
580.png,3
581.png,4
582.png,5
583.png,6
584.png,7
585.png,8
586.png,9
587.png,10
588.png,11
589.png,12
590.png,13
591.png,14
592.png,15
593.png,0
594.png,1
595.png,2
596.png,3
597.png,4
598.png,5
599.png,6
600.png,7
601.png,8
602.png,9
603.png,10
604.png,11
605.png,12
606.png,13
607.png,14
608.png,15
609.png,0
610.png,1
611.png,2
612.png,3
613.png,4
614.png,5
615.png,6
616.png,7
617.png,8
618.png,9
619.png,10
620.png,11
621.png,12
622.png,13
623.png,14
624.png,15
625.png,0
626.png,1
627.png,2
628.png,3
629.png,4
630.png,5
631.png,6
632.png,7
633.png,8
634.png,9
635.png,10
636.png,11
637.png,12
638.png,13
639.png,14
640.png,15
641.jpg,0
642.jpg,1
643.jpg,2
644.jpg,3
645.jpg,4
646.jpg,5
647.jpg,6
648.jpg,7
649.jpg,8
650.jpg,9
651.jpg,10
652.jpg,11
653.jpg,12
654.jpg,13
655.jpg,14
656.jpg,15
657.jpg,0
658.jpg,1
659.jpg,2
660.jpg,3
661.jpg,4
662.jpg,5
663.jpg,6
664.jpg,7
665.jpg,8
666.jpg,9
667.jpg,10
668.jpg,11
669.jpg,12
670.jpg,13
671.jpg,14
672.jpg,15
673.jpg,0
674.jpg,1
675.jpg,2
676.jpg,3
677.jpg,4
678.jpg,5
679.jpg,6
680.jpg,7
681.jpg,8
682.jpg,9
683.jpg,10
684.jpg,11
685.jpg,12
686.jpg,13
687.jpg,14
688.jpg,15
689.jpg,0
690.jpg,1
691.jpg,2
692.jpg,3
693.jpg,4
694.jpg,5
695.jpg,6
696.jpg,7
697.jpg,8
698.jpg,9
699.jpg,10
700.jpg,11
701.jpg,12
702.jpg,13
703.jpg,14
704.jpg,15
705.jpg,0
706.jpg,1
707.jpg,2
708.jpg,3
709.jpg,4
710.jpg,5
711.jpg,6
712.jpg,7
 713.jpg,8
714.jpg,9
715.jpg,10
716.jpg,11
717.jpg,12
718.jpg,13
719.jpg,14
720.jpg,15
721.jpg,0
722.jpg,1
723.jpg,2
724.jpg,3
725.jpg,4
726.jpg,5
727.jpg,6
728.jpg,7
729.jpg,8
730.jpg,9
731.jpg,10
732.jpg,11
733.jpg,12
734.jpg,13
735.jpg,14
736.jpg,15
737.jpg,0
738.jpg,1
739.jpg,2
740.jpg,3
741.jpg,4
742.jpg,5
743.jpg,6
744.jpg,7
745.jpg,8
746.jpg,9
747.jpg,10
748.jpg,11
749.jpg,12
750.jpg,13
751.jpg,14
752.jpg,15
753.jpg,0
754.jpg,1
755.jpg,2
756.jpg,3
757.jpg,4
758.jpg,5
759.jpg,6
760.jpg,7
761.jpg,8
762.jpg,9
763.jpg,10
764.jpg,11
765.jpg,12
766.jpg,13
767.jpg,14
768.jpg,15
769.jpg,0
770.jpg,1
771.jpg,2
772.jpg,3
773.jpg,4
774.jpg,5
775.jpg,6
776.jpg,7
777.jpg,8
778.jpg,9
779.jpg,10
780.jpg,11
781.jpg,12
782.jpg,13
783.jpg,14
784.jpg,15
785.jpg,0
786.jpg,1
787.jpg,2
788.jpg,3
789.jpg,4
790.jpg,5
791.jpg,6
792.jpg,7
793.jpg,8
794.jpg,9
795.jpg,10
796.jpg,11
797.jpg,12
798.jpg,13
799.jpg,14
800.jpg,15
801.jpg,0
802.jpg,1
803.jpg,2
804.jpg,3
805.jpg,4
806.jpg,5
807.jpg,6
808.jpg,7
809.jpg,8
810.jpg,9
811.jpg,10
812.jpg,11
813.jpg,12
814.jpg,13
815.jpg,14
816.jpg,15
817.jpg,0
818.jpg,1
819.jpg,2
820.jpg,3
821.jpg,4
822.jpg,5
823.jpg,6
824.jpg,7
825.jpg,8
826.jpg,9
827.jpg,10
828.jpg,11
829.jpg,12
830.jpg,13
831.jpg,14
832.jpg,15
833.jpg,0
834.jpg,1
835.jpg,2
836.jpg,3
837.jpg,4
838.jpg,5
839.jpg,6
840.jpg,7
841.jpg,8
842.jpg,9
843.jpg,10
844.jpg,11
845.jpg,12
846.jpg,13
847.jpg,14
848.jpg,15
849.jpg,0
850.jpg,1
851.jpg,2
852.jpg,3
853.jpg,4
854.jpg,5
855.jpg,6
856.jpg,7
857.jpg,8
858.jpg,9
859.jpg,10
860.jpg,11
861.jpg,12
862.jpg,13
863.jpg,14
864.jpg,15
865.jpg,0
866.jpg,1
867.jpg,2
868.jpg,3
869.jpg,4
870.jpg,5
871.jpg,6
872.jpg,7
873.jpg,8
874.jpg,9
875.jpg,10
876.jpg,11
877.jpg,12
878.jpg,13
879.jpg,14
880.jpg,15
881.jpg,0
882.jpg,1
883.jpg,2
884.jpg,3
885.jpg,4
886.jpg,5
887.jpg,6
888.jpg,7
889.jpg,8
890.jpg,9
891.jpg,10
892.jpg,11
893.jpg,12
894.jpg,13
895.jpg,14
896.jpg,15
897.jpg,0
898.jpg,1
899.jpg,2
900.jpg,3
901.jpg,4
902.jpg,5
903.jpg,6
904.jpg,7
905.jpg,8
906.jpg,9
907.jpg,10
908.jpg,11
909.jpg,12
910.jpg,13
911.jpg,14
912.jpg,15
913.jpg,0
914.jpg,1
915.jpg,2
916.jpg,3
917.jpg,4
918.jpg,5
919.jpg,6
920.jpg,7
921.jpg,8
922.jpg,9
923.jpg,10
924.jpg,11
925.jpg,12
926.jpg,13
927.jpg,14
928.jpg,15
929.jpg,15
930.jpg,0
931.jpg,1
932.jpg,2
933.jpg,3
934.jpg,4
935.jpg,5
936.jpg,6
937.jpg,7
938.jpg,8
939.jpg,9
940.jpg,10
941.jpg,11
942.jpg,12
943.jpg,13
944.jpg,14
945.jpg,15
946.jpg,0
947.jpg,1
948.jpg,2
949.jpg,3
950.jpg,4
951.jpg,5
952.jpg,6
953.jpg,7
954.jpg,8
955.jpg,9
956.jpg,10
957.jpg,11
958.jpg,12
959.jpg,13
960.jpg,14
961.jpg,15
962.jpg,0
963.jpg,1
964.jpg,2
965.jpg,3
966.jpg,4
967.jpg,5
968.jpg,6
969.jpg,7
970.jpg,8
971.jpg,9
972.jpg,10
973.jpg,11
974.jpg,12
975.jpg,13
976.jpg,14
977.jpg,15
978.jpg,0
979.jpg,1
980.jpg,2
981.jpg,3
982.jpg,4
983.jpg,5
984.jpg,6
985.jpg,7
986.jpg,8
987.jpg,9
988.jpg,10
989.jpg,11
990.jpg,12
991.jpg,13
992.jpg,14
993.jpg,15
994.jpg,0
995.jpg,1
996.jpg,2
997.jpg,3
998.jpg,4
999.jpg,5
1000.jpg,6
1001.jpg,7
1002.jpg,8
1003.jpg,9
1004.jpg,10
1005.jpg,11
1006.jpg,12
1007.jpg,13
1008.jpg,14
1009.jpg,15
1010.jpg,0
1011.jpg,1
1012.jpg,2
1013.jpg,3
1014.jpg,4
1015.jpg,5
1016.jpg,6
1017.jpg,7
1018.jpg,8
1019.jpg,9
1020.jpg,10
1021.jpg,11
1022.jpg,12
1023.jpg,13
1024.jpg,14
1025.png,0
1026.png,1
1027.png,2
1028.png,3
1029.png,4
1030.png,5
1031.png,6
1032.png,7
1033.png,8
1034.png,9
1035.png,10
1036.png,11
1037.png,12
1038.png,13
1039.png,14
1040.png,15
1041.png,0
1042.png,1
1043.png,2
1044.png,3
1045.png,4
1046.png,5
1047.png,6
1048.png,7
1049.png,8
1050.png,9
1051.png,10
1052.png,11
1053.png,12
1054.png,13
1055.png,14
1056.png,15
1057.png,0
1058.png,1
1059.png,2
1060.png,3
1061.png,4
1062.png,5
1063.png,6
1064.png,7
1065.png,8
1066.png,9
1067.png,10
1068.png,11
1069.png,12
1070.png,13
1071.png,14
1072.png,15
1073.png,0
1074.png,1
1075.png,2
1076.png,3
1077.png,4
1078.png,5
1079.png,6
1080.png,7
1081.png,8
1082.png,9
1083.png,10
1084.png,11
1085.png,12
1086.png,13
1087.png,14
1088.png,15
1089.png,0
1090.png,1
1091.png,2
1092.png,3
1093.png,4
1094.png,5
1095.png,6
1096.png,7
1097.png,8
1098.png,9
1099.png,10
1100.png,11
1101.png,12
1102.png,13
1103.png,14
1104.png,15
1105.png,0
1106.png,1
1107.png,2
1108.png,3
1109.png,4
1110.png,5
1111.png,6
1112.png,7
1113.png,8
1114.png,9
1115.png,10
1116.png,11
1117.png,12
1118.png,13
1119.png,14
1120.png,15
1121.png,0
1122.png,1
1123.png,2
1124.png,3
1125.png,4
1126.png,5
1127.png,6
1128.png,7
1129.png,8
1130.png,9
1131.png,10
1132.png,11
1133.png,12
1134.png,13
1135.png,14
1136.png,15
1137.png,0
1138.png,1
1139.png,2
1140.png,3
1141.png,4
1142.png,5
1143.png,6
1144.png,7
1145.png,8
1146.png,9
1147.png,10
1148.png,11
1149.png,12
1150.png,13
1151.png,14
1152.png,15
1153.jpg,0
1154.jpg,1
1155.jpg,2
1156.jpg,3
1157.jpg,4
1158.jpg,5
1159.jpg,6
1160.jpg,7
1161.jpg,8
1162.jpg,9
1163.jpg,10
1164.jpg,11
1165.jpg,12
1166.jpg,13
1167.jpg,14
1168.jpg,15
1169.jpg,0
1170.jpg,1
1171.jpg,2
1172.jpg,3
1173.jpg,4
1174.jpg,5
1175.jpg,6
1176.jpg,7
1177.jpg,8
1178.jpg,9
1179.jpg,10
1180.jpg,11
1181.jpg,12
1182.jpg,13
1183.jpg,14
1184.jpg,15
1185.jpg,0
1186.jpg,1
1187.jpg,2
1188.jpg,3
1189.jpg,4
1190.jpg,5
1191.jpg,6
1192.jpg,7
1193.jpg,8
1194.jpg,9
1195.jpg,10
1196.jpg,11
1197.jpg,12
1198.jpg,13
1199.jpg,14
1200.jpg,15
1201.jpg,0
1202.jpg,1
1203.jpg,2
1204.jpg,3
1205.jpg,4
1206.jpg,5
1207.jpg,6
1208.jpg,7
1209.jpg,8
1210.jpg,9
1211.jpg,10
1212.jpg,11
1213.jpg,12
1214.jpg,13
1215.jpg,14
1216.jpg,15
1217.jpg,0
1218.jpg,1
1219.jpg,2
1220.jpg,3
1221.jpg,4
1222.jpg,5
1223.jpg,6
1224.jpg,7
1225.jpg,8
1226.jpg,9
1227.jpg,10
1228.jpg,11
1229.jpg,12
1230.jpg,13
1231.jpg,14
1232.jpg,15
1233.jpg,0
1234.jpg,1
1235.jpg,2
1236.jpg,3
1237.jpg,4
1238.jpg,5
1239.jpg,6
1240.jpg,7
1241.jpg,8
1242.jpg,9
1243.jpg,10
1244.jpg,11
1245.jpg,12
1246.jpg,13
1247.jpg,14
1248.jpg,15
1249.jpg,0
1250.jpg,1
1251.jpg,2
1252.jpg,3
1253.jpg,4
1254.jpg,5
1255.jpg,6
1256.jpg,7
1257.jpg,8
1258.jpg,9
1259.jpg,10
1260.jpg,11
1261.jpg,12
1262.jpg,13
1263.jpg,14
1264.jpg,15
1265.jpg,0
1266.jpg,1
1267.jpg,2
1268.jpg,3
1269.jpg,4
1270.jpg,5
1271.jpg,6
1272.jpg,7
1273.jpg,8
1274.jpg,9
1275.jpg,10
1276.jpg,11
1277.jpg,12
1278.jpg,13
1279.jpg,14
1280.jpg,15
1281.jpg,0
1282.jpg,1
1283.jpg,2
1284.jpg,3
1285.jpg,4
1286.jpg,5
1287.jpg,6
1288.jpg,7
1289.jpg,8
1290.jpg,9
1291.jpg,10
1292.jpg,11
1293.jpg,12
1294.jpg,13
1295.jpg,14
1296.jpg,15
1297.jpg,0
1298.jpg,1
1299.jpg,2
1300.jpg,3
1301.jpg,4
1302.jpg,5
1303.jpg,6
1304.jpg,7
1305.jpg,8
1306.jpg,9
1307.jpg,10
1308.jpg,11
1309.jpg,12
1310.jpg,13
1311.jpg,14
1312.jpg,15
1313.jpg,0
1314.jpg,1
1315.jpg,2
1316.jpg,3
1317.jpg,4
1318.jpg,5
1319.jpg,6
1320.jpg,7
1321.jpg,8
1322.jpg,9
1323.jpg,10
1324.jpg,11
1325.jpg,12
1326.jpg,13
1327.jpg,14
1328.jpg,15
1329.jpg,0
1330.jpg,1
1331.jpg,2
1332.jpg,3
1333.jpg,4
1334.jpg,5
1335.jpg,6
1336.jpg,7
1337.jpg,8
1338.jpg,9
1339.jpg,10
1340.jpg,11
1341.jpg,12
1342.jpg,13
1343.jpg,14
1344.jpg,15
1345.jpg,0
1346.jpg,1
1347.jpg,2
1348.jpg,3
1349.jpg,4
1350.jpg,5
1351.jpg,6
1352.jpg,7
1353.jpg,8
1354.jpg,9
1355.jpg,10
1356.jpg,11
1357.jpg,12
1358.jpg,13
1359.jpg,14
1360.jpg,15
1361.jpg,0
1362.jpg,1
1363.jpg,2
1364.jpg,3
1365.jpg,4
1366.jpg,5
1367.jpg,6
1368.jpg,7
1369.jpg,8
1370.jpg,9
1371.jpg,10
1372.jpg,11
1373.jpg,12
1374.jpg,13
1375.jpg,14
1376.jpg,15
1377.jpg,0
1378.jpg,1
1379.jpg,2
1380.jpg,3
1381.jpg,4
1382.jpg,5
1383.jpg,6
1384.jpg,7
1385.jpg,8
1386.jpg,9
1387.jpg,10
1388.jpg,11
1389.jpg,12
1390.jpg,13
1391.jpg,14
1392.jpg,15
1393.jpg,0
1394.jpg,1
1395.jpg,2
1396.jpg,3
1397.jpg,4
1398.jpg,5
1399.jpg,6
1400.jpg,7
1401.jpg,8
1402.jpg,9
1403.jpg,10
1404.jpg,11
1405.jpg,12
1406.jpg,13
1407.jpg,14
1408.jpg,15
1409.jpg,0
1410.jpg,1
1411.jpg,2
1412.jpg,3
1413.jpg,4
1414.jpg,5
1415.jpg,6
1416.jpg,7
1417.jpg,8
1418.jpg,9
1419.jpg,10
1420.jpg,11
1421.jpg,12
1422.jpg,13
1423.jpg,14
1424.jpg,15
1425.jpg,0
1426.jpg,1
1427.jpg,2
1428.jpg,3
1429.jpg,4
1430.jpg,5
1431.jpg,6
1432.jpg,7
1433.jpg,8
1434.jpg,9
1435.jpg,10
1436.jpg,11
1437.jpg,12
1438.jpg,13
1439.jpg,14
1440.jpg,15
1441.jpg,0
1442.jpg,1
1443.jpg,2
1444.jpg,3
1445.jpg,4
1446.jpg,5
1447.jpg,6
1448.jpg,7
1449.jpg,8
1450.jpg,9
1451.jpg,10
1452.jpg,11
1453.jpg,12
1454.jpg,13
1455.jpg,14
1456.jpg,15
1457.jpg,0
1458.jpg,1
1459.jpg,2
1460.jpg,3
1461.jpg,4
1462.jpg,5
1463.jpg,6
1464.jpg,7
1465.jpg,8
1466.jpg,9
1467.jpg,10
1468.jpg,11
1469.jpg,12
1470.jpg,13
1471.jpg,14
1472.jpg,15
1473.jpg,0
1474.jpg,1
1475.jpg,2
1476.jpg,3
1477.jpg,4
1478.jpg,5
1479.jpg,6
1480.jpg,7
1481.jpg,8
1482.jpg,9
1483.jpg,10
1484.jpg,11
1485.jpg,12
1486.jpg,13
1487.jpg,14
1488.jpg,15
1489.jpg,0
1490.jpg,1
1491.jpg,2
1492.jpg,3
1493.jpg,4
1494.jpg,5
1495.jpg,6
1496.jpg,7
1497.jpg,8
1498.jpg,9
1499.jpg,10
1500.jpg,11
1501.jpg,12
1502.jpg,13
1503.jpg,14
1504.jpg,15
1505.jpg,0
1506.jpg,1
1507.jpg,2
1508.jpg,3
1509.jpg,4
1510.jpg,5
1511.jpg,6
1512.jpg,7
1513.jpg,8
1514.jpg,9
1515.jpg,10
1516.jpg,11
1517.jpg,12
1518.jpg,13
1519.jpg,14
1520.jpg,15
1521.jpg,0
1522.jpg,1
1523.jpg,2
1524.jpg,3
1525.jpg,4
1526.jpg,5
1527.jpg,6
1528.jpg,7
1529.jpg,8
1530.jpg,9
1531.jpg,10
1532.jpg,11
1533.jpg,12
1534.jpg,13
1535.jpg,14
1536.jpg,15
1537.png,0
1538.png,1
1539.png,2
1540.png,3
1541.png,4
1542.png,5
1543.png,6
1544.png,7
1545.png,8
1546.png,9
1547.png,10
1548.png,11
1549.png,12
1550.png,13
1551.png,14
1552.png,15
1553.png,0
1554.png,1
1555.png,2
1556.png,3
1557.png,4
1558.png,5
1559.png,6
1560.png,7
1561.png,8
1562.png,9
1563.png,10
1564.png,11
1565.png,12
1566.png,13
1567.png,14
1568.png,15
1569.png,0
1570.png,1
1571.png,2
1572.png,3
1573.png,4
1574.png,5
1575.png,6
1576.png,7
1577.png,8
1578.png,9
1579.png,10
1580.png,11
1581.png,12
1582.png,13
1583.png,14
1584.png,15
1585.png,0
1586.png,1
1587.png,2
1588.png,3
1589.png,4
1590.png,5
1591.png,6
1592.png,7
1593.png,8
1594.png,9
1595.png,10
1596.png,11
1597.png,12
1598.png,13
1599.png,14
1600.png,15
1601.png,0
1602.png,1
1603.png,2
1604.png,3
1605.png,4
1606.png,5
1607.png,6
1608.png,7
1609.png,8
1610.png,9
1611.png,10
1612.png,11
1613.png,12
1614.png,13
1615.png,14
1616.png,15
1617.png,0
1618.png,1
1619.png,2
1620.png,3
1621.png,4
1622.png,5
1623.png,6
1624.png,7
1625.png,8
1626.png,9
1627.png,10
1628.png,11
1629.png,12
1630.png,13
1631.png,14
1632.png,15
1633.jpg,0
1634.jpg,1
1635.jpg,2
1636.jpg,3
1637.jpg,4
1638.jpg,5
1639.jpg,6
1640.jpg,7
1641.jpg,8
1642.jpg,9
1643.jpg,10
1644.jpg,11
1645.jpg,12
1646.jpg,13
1647.jpg,14
1648.jpg,15
1649.jpg,0
1650.jpg,1
1651.jpg,2
1652.jpg,3
1653.jpg,4
1654.jpg,5
1655.jpg,6
1656.jpg,7
1657.jpg,8
1658.jpg,9
1659.jpg,10
1660.jpg,11
1661.jpg,12
1662.jpg,13
1663.jpg,14
1664.jpg,15
1665.jpg,0
1666.jpg,0
1667.jpg,0
1668.jpg,0
1669.jpg,0
1670.jpg,0
1671.jpg,0
1672.jpg,0
1673.jpg,1
1674.jpg,1
1675.jpg,1
1676.jpg,1
1677.jpg,1
1678.jpg,1
1679.jpg,1
1680.jpg,1
1681.jpg,2
1682.jpg,2
1683.jpg,2
1684.jpg,2
1685.jpg,2
1686.jpg,2
1687.jpg,2
1688.jpg,2
1689.jpg,3
1690.jpg,3
1691.jpg,3
1692.jpg,3
1693.jpg,3
1694.jpg,3
1695.jpg,3
1696.jpg,3
1697.jpg,4
1698.jpg,4
1699.jpg,4
1700.jpg,4
1701.jpg,4
1702.jpg,4
1703.jpg,4
1704.jpg,4
1705.jpg,5
1706.jpg,5
1707.jpg,5
1708.jpg,5
1709.jpg,5
1710.jpg,5
1711.jpg,5
1712.jpg,5
1713.jpg,6
1714.jpg,6
1715.jpg,6
1716.jpg,6
1717.jpg,6
1718.jpg,6
1719.jpg,6
1720.jpg,6
1721.jpg,7
1722.jpg,7
1723.jpg,7
1724.jpg,7
1725.jpg,7
1726.jpg,7
1727.jpg,7
1728.jpg,7
1729.jpg,8
1730.jpg,8
1731.jpg,8
1732.jpg,8
1733.jpg,8
1734.jpg,8
1735.jpg,8
1736.jpg,8
1737.jpg,9
1738.jpg,9
1739.jpg,9
1740.jpg,9
1741.jpg,9
1742.jpg,9
1743.jpg,9
1744.jpg,9
1745.jpg,10
1746.jpg,10
1747.jpg,10
1748.jpg,10
1749.jpg,10
1750.jpg,10
1751.jpg,10
1752.jpg,10
1753.jpg,11
1754.jpg,11
1755.jpg,11
1756.jpg,11
1757.jpg,11
1758.jpg,11
1759.jpg,11
1760.jpg,11
1761.jpg,12
1762.jpg,12
1763.jpg,12
1764.jpg,12
1765.jpg,12
1766.jpg,12
1767.jpg,12
1768.jpg,12
1769.jpg,13
1770.jpg,13
1771.jpg,13
1772.jpg,13
1773.jpg,13
1774.jpg,13
1775.jpg,13
1776.jpg,13
1777.jpg,14
1778.jpg,14
1779.jpg,14
1780.jpg,14
1781.jpg,14
1782.jpg,14
1783.jpg,14
1784.jpg,14
1785.jpg,15
1786.jpg,15
1787.jpg,15
1788.jpg,15
1789.jpg,15
1790.jpg,15
1791.jpg,15
1792.jpg,15
1793.jpg,0
1794.jpg,1
1795.jpg,2
1796.jpg,3
1797.jpg,4
1798.jpg,5
1799.jpg,6
1800.jpg,7
1801.jpg,8
1802.jpg,9
1803.jpg,10
1804.jpg,11
1805.jpg,12
1806.jpg,13
1807.jpg,14
1808.jpg,15
1809.jpg,0
1810.jpg,1
1811.jpg,2
1812.jpg,3
1813.jpg,4
1814.jpg,5
1815.jpg,6
1816.jpg,7
1817.jpg,8
1818.jpg,9
1819.jpg,10
1820.jpg,11
1821.jpg,12
1822.jpg,13
1823.jpg,14
1824.jpg,15
1825.jpg,0
1826.jpg,1
1827.jpg,2
1828.jpg,3
1829.jpg,4
1830.jpg,5
1831.jpg,6
1832.jpg,7
1833.jpg,8
1834.jpg,9
1835.jpg,10
1836.jpg,11
1837.jpg,12
1838.jpg,13
1839.jpg,14
1840.jpg,15
1841.jpg,0
1842.jpg,1
1843.jpg,2
1844.jpg,3
1845.jpg,4
1846.jpg,5
1847.jpg,6
1848.jpg,7
1849.jpg,8
1850.jpg,9
1851.jpg,10
1852.jpg,11
1853.jpg,12
1854.jpg,13
1855.jpg,14
1856.jpg,15
1857.jpg,0
1858.jpg,1
1859.jpg,2
1860.jpg,3
1861.jpg,4
1862.jpg,5
1863.jpg,6
1864.jpg,7
1865.jpg,8
1866.jpg,9
1867.jpg,10
1868.jpg,11
1869.jpg,12
1870.jpg,13
1871.jpg,14
1872.jpg,15
1873.jpg,0
1874.jpg,1
1875.jpg,2
1876.jpg,3
1877.jpg,4
1878.jpg,5
1879.jpg,6
1880.jpg,7
1881.jpg,8
1882.jpg,9
1883.jpg,10
1884.jpg,11
1885.jpg,12
1886.jpg,13
1887.jpg,14
1888.jpg,15
1889.jpg,0
1890.jpg,1
1891.jpg,2
1892.jpg,3
1893.jpg,4
1894.jpg,5
1895.jpg,6
1896.jpg,7
1897.jpg,8
1898.jpg,9
1899.jpg,10
1900.jpg,11
1901.jpg,12
1902.jpg,13
1903.jpg,14
1904.jpg,15
1905.jpg,0
1906.jpg,1
1907.jpg,2
1908.jpg,3
1909.jpg,4
1910.jpg,5
1911.jpg,6
1912.jpg,7
1913.jpg,8
1914.jpg,9
1915.jpg,10
1916.jpg,11
1917.jpg,12
1918.jpg,13
1919.jpg,14
1920.jpg,15
1921.png,0
1922.png,1
1923.png,2
1924.png,3
1925.png,4
1926.png,5
1927.png,6
1928.png,7
1929.png,8
1930.png,9
1931.png,10
1932.png,12
1933.png,13
1934.png,14
1935.png,15
1936.png,0
1937.png,1
1938.png,2
1939.png,3
1940.png,4
1941.png,5
1942.png,6
1943.png,7
1944.png,8
1945.png,9
1946.png,10
1947.png,11
1948.png,12
1949.png,13
1950.png,14
1951.png,15
1952.png,0
1953.png,1
1954.png,2
1955.png,3
1956.png,4
1957.png,5
1958.png,6
1959.png,7
1960.png,8
1961.png,9
1962.png,10
1963.png,11
1964.png,12
1965.png,13
1966.png,14
1967.png,15
1968.png,0
1969.png,1
1970.png,2
1971.png,3
1972.png,4
1973.png,5
1974.png,6
1975.png,7
1976.png,8
1977.png,9
1978.png,10
1979.png,11
1980.png,12
1981.png,13
1982.png,14
1983.png,15
1984.png,0
1985.png,1
1986.png,2
1987.png,3
1988.png,4
1989.png,5
1990.png,6
1991.png,7
1992.png,8
1993.png,9
1994.png,10
1995.png,11
1996.png,12
1997.png,13
1998.png,14
1999.png,15
2000.png,0
2001.png,1
2002.png,2
2003.png,3
2004.png,4
2005.png,5
2006.png,6
2007.png,7
2008.png,8
2009.png,9
2010.png,10
2011.png,11
2012.png,12
2013.png,13
2014.png,14
2015.png,15
2016.png,0
2017.png,1
2018.png,2
2019.png,3
2020.png,4
2021.png,5
2022.png,6
2023.png,7
2024.png,8
2025.png,9
2026.png,10
2027.png,11
2028.png,12
2029.png,13
2030.png,14
2031.png,15
2032.png,0
2033.png,1
2034.png,2
2035.png,3
2036.png,4
2037.png,5
2038.png,6
2039.png,7
2040.png,8
2041.png,9
2042.png,10
2043.png,11
2044.png,12
2045.png,13
2046.png,14
2047.png,15
2048.png,11
2049.png,0
2050.png,2
2051.png,1
2052.png,3
2053.png,4
2054.png,5
2055.png,6
2056.png,7
2057.png,8
2058.png,9
2059.png,10
2060.png,11
2061.png,12
2062.png,13
2063.png,14
2064.png,15
2065.png,0
2066.png,1
2067.png,2
2068.png,3
2069.png,4
2070.png,5
2071.png,6
2072.png,7
2073.png,8
2074.png,9
2075.png,10
2076.png,11
2077.png,12
2078.png,13
2079.png,14
2080.png,15
2081.png,0
2082.png,1
2083.png,2
2084.png,3
2085.png,4
2086.png,5
2087.png,6
2088.png,7
2089.png,8
2090.png,9
2091.png,10
2092.png,11
2093.png,12
2094.png,13
2095.png,14
2096.png,15
2097.png,0
2098.png,1
2099.png,2
2100.png,3
2101.png,4
2102.png,5
2103.png,6
2104.png,7
2105.png,8
2106.png,9
2107.png,10
2108.png,11
2109.png,12
2110.png,13
2111.png,14
2112.png,15
2113.png,0
2114.png,1
2115.png,2
2116.png,3
2117.png,4
2118.png,5
2119.png,6
2120.png,7
2121.png,8
2122.png,9
2123.png,10
2124.png,11
2125.png,12
2126.png,13
2127.png,14
2128.png,15
2129.png,0
2130.png,1
2131.png,2
2132.png,3
2133.png,4
2134.png,5
2135.png,6
2136.png,7
2137.png,8
2138.png,9
2139.png,10
2140.png,11
2141.png,12
2142.png,13
2143.png,14
2144.png,15
2145.png,0
2146.png,1
2147.png,2
2148.png,3
2149.png,4
2150.png,5
2151.png,6
2152.png,7
2153.png,8
2154.png,9
2155.png,10
2156.png,11
2157.png,12
2158.png,13
2159.png,14
2160.png,15
2161.png,0
2162.png,1
2163.png,2
2164.png,3
2165.png,4
2166.png,5
2167.png,6
2168.png,7
2169.png,8
2170.png,9
2171.png,10
2172.png,11
2173.png,12
2174.png,13
2175.png,14
2176.png,15
2177.jpg,0
2178.jpg,1
2179.jpg,2
2180.jpg,3
2181.jpg,4
2182.jpg,5
2183.jpg,6
2184.jpg,7
2185.jpg,8
2186.jpg,9
2187.jpg,10
2188.jpg,11
2189.jpg,12
2190.jpg,13
2191.jpg,14
2192.jpg,15
2193.jpg,0
2194.jpg,1
2195.jpg,2
2196.jpg,3
2197.jpg,4
2198.jpg,5
2199.jpg,6
2200.jpg,7
2201.jpg,8
2202.jpg,9
2203.jpg,10
2204.jpg,11
2205.jpg,12
2206.jpg,13
2207.jpg,14
2208.jpg,15
2209.jpg,0
2210.jpg,1
2211.jpg,2
2212.jpg,3
2213.jpg,4
2214.jpg,5
2215.jpg,6
2216.jpg,7
2217.jpg,8
2218.jpg,9
2219.jpg,10
2220.jpg,11
2221.jpg,12
2222.jpg,13
2223.jpg,14
2224.jpg,15
2225.jpg,0
2226.jpg,1
2227.jpg,2
2228.jpg,3
2229.jpg,4
2230.jpg,5
2231.jpg,6
2232.jpg,7
2233.jpg,8
2234.jpg,9
2235.jpg,10
2236.jpg,11
2237.jpg,12
2238.jpg,13
2239.jpg,14
2240.jpg,15
2241.jpg,0
2242.jpg,1
2243.jpg,2
2244.jpg,3
2245.jpg,4
2246.jpg,5
2247.jpg,6
2248.jpg,7
2249.jpg,8
2250.jpg,9
2251.jpg,10
2252.jpg,11
2253.jpg,12
2254.jpg,13
2255.jpg,14
2256.jpg,15
2257.jpg,0
2258.jpg,1
2259.jpg,2
2260.jpg,3
2261.jpg,4
2262.jpg,5
2263.jpg,6
2264.jpg,7
2265.jpg,8
2266.jpg,9
2267.jpg,10
2268.jpg,11
2269.jpg,12
2270.jpg,13
2271.jpg,14
2272.jpg,15
2273.jpg,0
2274.jpg,1
2275.jpg,2
2276.jpg,3
2277.jpg,4
2278.jpg,5
2279.jpg,6
2280.jpg,7
2281.jpg,8
2282.jpg,9
2283.jpg,10
2284.jpg,11
2285.jpg,12
2286.jpg,13
2287.jpg,14
2288.jpg,15
2289.jpg,0
2290.jpg,1
2291.jpg,2
2292.jpg,3
2293.jpg,4
2294.jpg,5
2295.jpg,6
2296.jpg,7
2297.jpg,8
2298.jpg,9
2299.jpg,10
2300.jpg,11
2301.jpg,12
2302.jpg,13
2303.jpg,14
2304.jpg,15
2305.png,0
2306.png,1
2307.png,2
2308.png,3
2309.png,4
2310.png,5
2311.png,6
2312.png,7
2313.png,8
2314.png,9
2315.png,10
2316.png,11
2317.png,12
2318.png,13
2319.png,14
2320.png,15
2321.png,0
2322.png,1
2323.png,2
2324.png,3
2325.png,4
2326.png,5
2327.png,6
2328.png,7
2329.png,8
2330.png,9
2331.png,10
2332.png,11
2333.png,12
2334.png,13
2335.png,14
2336.png,15
2337.png,0
2338.png,1
2339.png,2
2340.png,3
2341.png,4
2342.png,5
2343.png,6
2344.png,7
2345.png,8
2346.png,9
2347.png,10
2348.png,11
2349.png,12
2350.png,13
2351.png,14
2352.png,15
2353.png,0
2354.png,1
2355.png,2
2356.png,3
2357.png,4
2358.png,5
2359.png,6
2360.png,7
2361.png,8
2362.png,9
2363.png,10
2364.png,11
2365.png,12
2366.png,13
2367.png,14
2368.png,15
2369.png,0
2370.png,1
2371.png,2
2372.png,3
2373.png,4
2374.png,5
2375.png,6
2376.png,7
2377.png,8
2378.png,9
2379.png,10
2380.png,11
2381.png,12
2382.png,13
2383.png,14
2384.png,15
2385.png,0
2386.png,1
2387.png,2
2388.png,3
2389.png,4
2390.png,5
2391.png,6
2392.png,7
2393.png,8
2394.png,9
2395.png,10
2396.png,11
2397.png,12
2398.png,13
2399.png,14
2400.png,15
2401.png,0
2402.png,1
2403.png,2
2404.png,3
2405.png,4
2406.png,5
2407.png,6
2408.png,7
2409.png,8
2410.png,9
2411.png,10
2412.png,11
2413.png,12
2414.png,13
2415.png,14
2416.png,15
2417.png,0
2418.png,1
2419.png,2
2420.png,3
2421.png,4
2422.png,5
2423.png,6
2424.png,7
2425.png,8
2426.png,9
2427.png,10
2428.png,11
2429.png,12
2430.png,13
2431.png,14
2432.png,15
2433.png,0
2434.png,1
2435.png,2
2436.png,3
2437.png,4
2438.png,5
2439.png,6
2440.png,7
2441.png,8
2442.png,9
2443.png,10
2444.png,11
2445.png,12
2446.png,13
2447.png,14
2448.png,15
2449.png,0
2450.png,1
2451.png,2
2452.png,3
2453.png,4
2454.png,5
2455.png,6
2456.png,7
2457.png,8
2458.png,9
2459.png,10
2460.png,11
2461.png,12
2462.png,13
2463.png,14
2464.png,15
2465.png,0
2466.png,1
2467.png,2
2468.png,3
2469.png,4
2470.png,5
2471.png,6
2472.png,7
2473.png,8
2474.png,9
2475.png,10
2476.png,11
2477.png,12
2478.png,13
2479.png,14
2480.png,15
2481.png,0
2482.png,1
2483.png,2
2484.png,3
2485.png,4
2486.png,5
2487.png,6
2488.png,7
2489.png,8
2490.png,9
2491.png,10
2492.png,11
2493.png,12
2494.png,13
2495.png,14
2496.png,15
2497.png,0
2498.png,1
2499.png,2
2500.png,3
2501.png,4
2502.png,5
2503.png,6
2504.png,7
2505.png,8
2506.png,9
2507.png,10
2508.png,11
2509.png,12
2510.png,13
2511.png,14
2512.png,15
2513.png,0
2514.png,1
2515.png,2
2516.png,3
2517.png,4
2518.png,5
2519.png,6
2520.png,7
2521.png,8
2522.png,9
2523.png,10
2524.png,11
2525.png,12
2526.png,13
2527.png,14
2528.png,15
2529.png,0
2530.png,1
2531.png,2
2532.png,3
2533.png,4
2534.png,5
2535.png,6
2536.png,7
2537.png,8
2538.png,9
2539.png,10
2540.png,11
2541.png,12
2542.png,13
2543.png,14
2544.png,15
2545.png,0
2546.png,1
2547.png,2
2548.png,3
2549.png,4
2550.png,5
2551.png,6
2552.png,7
2553.png,8
2554.png,9
2555.png,10
2556.png,11
2557.png,12
2558.png,13
2559.png,14
2560.png,15
2561.jpg,0
2562.jpg,1
2563.jpg,2
2564.jpg,3
2565.jpg,4
2566.jpg,5
2567.jpg,6
2568.jpg,7
2569.jpg,8
2570.jpg,9
2571.jpg,10
2572.jpg,11
2573.jpg,12
2574.jpg,13
2575.jpg,14
2576.jpg,15
2577.jpg,0
2578.jpg,1
2579.jpg,2
2580.jpg,3
2581.jpg,4
2582.jpg,5
2583.jpg,6
2584.jpg,7
2585.jpg,8
2586.jpg,9
2587.jpg,10
2588.jpg,11
2589.jpg,12
2590.jpg,13
2591.jpg,14
2592.jpg,15
2593.jpg,0
2594.jpg,1
2595.jpg,2
2596.jpg,3
2597.jpg,4
2598.jpg,5
2599.jpg,6
2600.jpg,7
2601.jpg,8
2602.jpg,9
2603.jpg,10
2604.jpg,11
2605.jpg,12
2606.jpg,13
2607.jpg,14
2608.jpg,15
2609.jpg,0
2610.jpg,1
2611.jpg,2
2612.jpg,3
2613.jpg,4
2614.jpg,5
2615.jpg,6
2616.jpg,7
2617.jpg,8
2618.jpg,9
2619.jpg,10
2620.jpg,11
2621.jpg,12
2622.jpg,13
2623.jpg,14
2624.jpg,15
2625.jpg,0
2626.jpg,1
2627.jpg,2
2628.jpg,3
2629.jpg,4
2630.jpg,5
2631.jpg,6
2632.jpg,7
2633.jpg,8
2634.jpg,9
2635.jpg,10
2636.jpg,11
2637.jpg,12
2638.jpg,13
2639.jpg,14
2640.jpg,15
2641.jpg,0
2642.jpg,1
2643.jpg,2
2644.jpg,3
2645.jpg,4
2646.jpg,5
2647.jpg,6
2648.jpg,7
2649.jpg,8
2650.jpg,9
2651.jpg,10
2652.jpg,11
2653.jpg,12
2654.jpg,13
2655.jpg,14
2656.jpg,15
2657.jpg,0
2658.jpg,1
2659.jpg,2
2660.jpg,3
2661.jpg,4
2662.jpg,5
2663.jpg,6
2664.jpg,7
2665.jpg,8
2666.jpg,9
2667.jpg,10
2668.jpg,11
2669.jpg,12
2670.jpg,13
2671.jpg,14
2672.jpg,15
2673.jpg,0
2674.jpg,1
2675.jpg,2
2676.jpg,3
2677.jpg,4
2678.jpg,5
2679.jpg,6
2680.jpg,7
2681.jpg,8
2682.jpg,9
2683.jpg,10
2684.jpg,11
2685.jpg,12
2686.jpg,13
2687.jpg,14
2688.jpg,15
2689.png,0
2690.png,1
2691.png,2
2692.png,3
2693.png,4
2694.png,5
2695.png,6
2696.png,7
2697.png,8
2698.png,9
2699.png,10
2700.png,11
2701.png,12
2702.png,13
2703.png,14
2704.png,15
2705.png,0
2706.png,1
2707.png,2
2708.png,3
2709.png,4
2710.png,5
2711.png,6
2712.png,7
2713.png,8
2714.png,9
2715.png,10
2716.png,11
2717.png,12
2718.png,13
2719.png,14
2720.png,15
2721.png,0
2722.png,1
2723.png,2
2724.png,3
2725.png,4
2726.png,5
2727.png,6
2728.png,7
2729.png,8
2730.png,9
2731.png,10
2732.png,11
2733.png,12
2734.png,13
2735.png,14
2736.png,15
2737.png,0
2738.png,1
2739.png,2
2740.png,3
2741.png,4
2742.png,5
2743.png,6
2744.png,7
2745.png,8
2746.png,9
2747.png,10
2748.png,11
2749.png,12
2750.png,13
2751.png,14
2752.png,15
2753.png,0
2754.png,1
2755.png,2
2756.png,3
2757.png,4
2758.png,5
2759.png,6
2760.png,7
2761.png,8
2762.png,9
2763.png,10
2764.png,11
2765.png,12
2766.png,13
2767.png,14
2768.png,15
2769.png,0
2770.png,1
2771.png,2
2772.png,3
2773.png,4
2774.png,5
2775.png,6
2776.png,7
2777.png,8
2778.png,9
2779.png,10
2780.png,11
2781.png,12
2782.png,13
2783.png,14
2784.png,15
2785.png,0
2786.png,1
2787.png,2
2788.png,3
2789.png,4
2790.png,5
2791.png,6
2792.png,7
2793.png,8
2794.png,9
2795.png,10
2796.png,11
2797.png,12
2798.png,13
2799.png,14
2800.png,15
2801.png,0
2802.png,1
2803.png,2
2804.png,3
2805.png,4
2806.png,5
2807.png,6
2808.png,7
2809.png,8
2810.png,9
2811.png,10
2812.png,11
2813.png,12
2814.png,13
2815.png,14
2816.png,15
2817.jpg,0
2818.jpg,0
2819.jpg,0
2820.jpg,0
2821.jpg,0
2822.jpg,0
2823.jpg,0
2824.jpg,0
2825.jpg,1
2826.jpg,1
2827.jpg,1
2828.jpg,1
2829.jpg,1
2830.jpg,1
2831.jpg,1
2832.jpg,1
2833.jpg,2
2834.jpg,2
2835.jpg,2
2836.jpg,2
2837.jpg,2
2838.jpg,2
2839.jpg,2
2840.jpg,2
2841.jpg,3
2842.jpg,3
2843.jpg,3
2844.jpg,3
2845.jpg,3
2846.jpg,3
2847.jpg,3
2848.jpg,3
2849.jpg,4
2850.jpg,4
2851.jpg,4
2852.jpg,4
2853.jpg,4
2854.jpg,4
2855.jpg,4
2856.jpg,4
2857.jpg,5
2858.jpg,5
2859.jpg,5
2860.jpg,5
2861.jpg,5
2862.jpg,5
2863.jpg,5
2864.jpg,5
2865.jpg,6
2866.jpg,6
2867.jpg,6
2868.jpg,6
2869.jpg,6
2870.jpg,6
2871.jpg,6
2872.jpg,6
2873.jpg,7
2874.jpg,7
2875.jpg,7
2876.jpg,7
2877.jpg,7
2878.jpg,7
2879.jpg,7
2880.jpg,7
2881.jpg,8
2882.jpg,8
2883.jpg,8
2884.jpg,8
2885.jpg,8
2886.jpg,8
2887.jpg,8
2888.jpg,8
2889.jpg,9
2890.jpg,9
2891.jpg,9
2892.jpg,9
2893.jpg,9
2894.jpg,9
2895.jpg,9
2896.jpg,9
2897.jpg,10
2898.jpg,10
2899.jpg,10
2900.jpg,10
2901.jpg,10
2902.jpg,10
2903.jpg,10
2904.jpg,10
2905.jpg,11
2906.jpg,11
2907.jpg,11
2908.jpg,11
2909.jpg,11
2910.jpg,11
2911.jpg,11
2912.jpg,11
2913.jpg,12
2914.jpg,12
2915.jpg,12
2916.jpg,12
2917.jpg,12
2918.jpg,12
2919.jpg,12
2920.jpg,12
2921.jpg,13
2922.jpg,13
2923.jpg,13
2924.jpg,13
2925.jpg,13
2926.jpg,13
2927.jpg,13
2928.jpg,13
2929.jpg,14
2930.jpg,14
2931.jpg,14
2932.jpg,14
2933.jpg,14
2934.jpg,14
2935.jpg,14
2936.jpg,14
2937.jpg,15
2938.jpg,15
2939.jpg,15
2940.jpg,15
2941.jpg,15
2942.jpg,15
2943.jpg,15
2944.jpg,15
2945.jpg,0
2946.jpg,1
2947.jpg,2
2948.jpg,3
2949.jpg,4
2950.jpg,5
2951.jpg,6
2952.jpg,7
2953.jpg,8
2954.jpg,9
2955.jpg,10
2956.jpg,11
2957.jpg,12
2958.jpg,13
2959.jpg,14
2960.jpg,15
2961.jpg,0
2962.jpg,1
2963.jpg,2
3072.jpg,3
2964.jpg,4
2965.jpg,5
2966.jpg,6
2967.jpg,7
2968.jpg,8
2969.jpg,9
2970.jpg,10
2971.jpg,11
2972.jpg,12
2973.jpg,13
2974.jpg,14
2975.jpg,15
2976.jpg,0
2977.jpg,1
2978.jpg,2
2979.jpg,3
2980.jpg,4
2981.jpg,5
2982.jpg,6
2983.jpg,7
2984.jpg,8
2985.jpg,9
2986.jpg,10
2987.jpg,11
2988.jpg,12
2989.jpg,13
2990.jpg,14
2991.jpg,15
2992.jpg,0
2993.jpg,1
2994.jpg,2
2995.jpg,3
2996.jpg,4
2997.jpg,5
2998.jpg,6
2999.jpg,7
3000.jpg,8
3001.jpg,9
3002.jpg,10
3003.jpg,11
3004.jpg,12
3005.jpg,13
3006.jpg,14
3007.jpg,15
3008.jpg,0
3009.jpg,1
3010.jpg,2
3011.jpg,3
3012.jpg,4
3013.jpg,5
3014.jpg,6
3015.jpg,7
3016.jpg,8
3017.jpg,9
3018.jpg,10
3019.jpg,11
3020.jpg,12
3021.jpg,13
3022.jpg,14
3023.jpg,15
3024.jpg,0
3025.jpg,1
3026.jpg,2
3027.jpg,3
3028.jpg,4
3029.jpg,5
3030.jpg,6
3031.jpg,7
3032.jpg,8
3033.jpg,9
3034.jpg,10
3035.jpg,11
3036.jpg,12
3037.jpg,13
3038.jpg,14
3039.jpg,15
3040.jpg,0
3041.jpg,1
3042.jpg,2
3043.jpg,3
3044.jpg,4
3045.jpg,5
3046.jpg,6
3047.jpg,7
3048.jpg,8
3049.jpg,9
3050.jpg,10
3051.jpg,11
3052.jpg,12
3053.jpg,13
3054.jpg,14
3055.jpg,15
3056.jpg,0
3057.jpg,1
3058.jpg,2
3059.jpg,3
3060.jpg,4
3061.jpg,5
3062.jpg,6
3063.jpg,7
3064.jpg,8
3065.jpg,9
3066.jpg,10
3067.jpg,11
3068.jpg,12
3069.jpg,13
3070.jpg,14
3071.jpg,15
3073.jpg,0
3074.jpg,1
3075.jpg,2
3076.jpg,3
3077.jpg,4
3078.jpg,5
3079.jpg,6
3080.jpg,7
3081.jpg,8
3082.jpg,9
3083.jpg,10
3084.jpg,11
3085.jpg,12
3086.jpg,13
3087.jpg,14
3088.jpg,15
3089.jpg,0
3090.jpg,1
3091.jpg,2
3092.jpg,3
3093.jpg,4
3094.jpg,5
3095.jpg,6
3096.jpg,7
3097.jpg,8
3098.jpg,9
3099.jpg,10
3100.jpg,11
3101.jpg,12
3102.jpg,13
3103.jpg,14
3104.jpg,15
3105.jpg,0
3106.jpg,1
3107.jpg,2
3108.jpg,3
3109.jpg,4
3110.jpg,5
3111.jpg,6
3112.jpg,7
3113.jpg,8
3114.jpg,9
3115.jpg,10
3116.jpg,11
3117.jpg,12
3118.jpg,13
3119.jpg,14
3120.jpg,15
3121.jpg,0
3122.jpg,1
3123.jpg,2
3124.jpg,3
3125.jpg,4
3126.jpg,5
3127.jpg,6
3128.jpg,7
3129.jpg,8
3130.jpg,9
3131.jpg,10
3132.jpg,11
3133.jpg,12
3134.jpg,13
3135.jpg,14
3136.jpg,15
3137.jpg,0
3138.jpg,1
3139.jpg,2
3140.jpg,3
3141.jpg,4
3142.jpg,5
3143.jpg,6
3144.jpg,7
3145.jpg,8
3146.jpg,9
3147.jpg,10
3148.jpg,11
3149.jpg,12
3150.jpg,13
3151.jpg,14
3152.jpg,15
3153.jpg,0
3154.jpg,1
3155.jpg,2
3156.jpg,3
3157.jpg,4
3158.jpg,5
3159.jpg,6
3160.jpg,7
3161.jpg,8
3162.jpg,9
3163.jpg,10
3164.jpg,11
3165.jpg,12
3166.jpg,13
3167.jpg,14
3168.jpg,15
3169.jpg,0
3170.jpg,1
3171.jpg,2
3172.jpg,3
3173.jpg,4
3174.jpg,5
3175.jpg,6
3176.jpg,7
3177.jpg,8
3178.jpg,9
3179.jpg,10
3180.jpg,11
3181.jpg,12
3182.jpg,13
3183.jpg,14
3184.jpg,15
3185.jpg,0
3186.jpg,1
3187.jpg,2
3188.jpg,3
3189.jpg,4
3190.jpg,5
3191.jpg,6
3192.jpg,7
3193.jpg,8
3194.jpg,9
3195.jpg,10
3196.jpg,11
3197.jpg,12
3198.jpg,13
3199.jpg,14
3200.jpg,15
3201.png,0
3202.png,1
3203.png,2
3204.png,3
3205.png,4
3206.png,5
3207.png,6
3208.png,7
3209.png,8
3210.png,9
3211.png,10
3212.png,11
3213.png,12
3214.png,13
3215.png,14
3216.png,15
3217.png,0
3218.png,1
3219.png,2
3220.png,3
3221.png,4
3222.png,5
3223.png,6
3224.png,7
3225.png,8
3226.png,9
3227.png,10
3228.png,11
3229.png,12
3230.png,13
3231.png,14
3232.png,15
3233.png,0
3234.png,1
3235.png,2
3236.png,3
3237.png,4
3238.png,5
3239.png,6
3240.png,7
3241.png,8
3242.png,9
3243.png,10
3244.png,11
3245.png,12
3246.png,13
3247.png,14
3248.png,15
3249.png,0
3250.png,1
3251.png,2
3252.png,3
3253.png,4
3254.png,5
3255.png,6
3256.png,7
3257.png,8
3258.png,9
3259.png,10
3260.png,11
3261.png,12
3262.png,13
3263.png,14
3264.png,15
3265.png,0
3266.png,1
3267.png,2
3268.png,3
3269.png,4
3270.png,5
3271.png,6
3272.png,7
3273.png,8
3274.png,9
3275.png,10
3276.png,11
3277.png,12
3278.png,13
3279.png,14
3280.png,15
3281.png,0
3282.png,1
3283.png,2
3284.png,3
3285.png,4
3286.png,5
3287.png,6
3288.png,7
3289.png,8
3290.png,9
3291.png,10
3292.png,11
3293.png,12
3294.png,13
3295.png,14
3296.png,15
3297.png,0
3298.png,1
3299.png,2
3300.png,3
3301.png,4
3302.png,5
3303.png,6
3304.png,7
3305.png,8
3306.png,9
3307.png,10
3308.png,11
3309.png,12
3310.png,13
3311.png,14
3312.png,15
3313.png,0
3314.png,1
3315.png,2
3316.png,3
3317.png,4
3318.png,5
3319.png,6
3320.png,7
3321.png,8
3322.png,9
3323.png,10
3324.png,11
3325.png,12
3326.png,13
3327.png,14
3328.png,15
3329.png,0
3330.png,1
3331.png,2
3332.png,3
3333.png,4
3334.png,5
3335.png,6
3336.png,7
3337.png,8
3338.png,9
3339.png,10
3340.png,11
3341.png,12
3342.png,13
3343.png,14
3344.png,15
3345.png,0
3346.png,1
3347.png,2
3348.png,3
3349.png,4
3350.png,5
3351.png,6
3352.png,7
3353.png,8
3354.png,9
3355.png,10
3356.png,11
3357.png,12
3358.png,13
3359.png,14
3360.png,15
3361.png,0
3362.png,1
3363.png,2
3364.png,3
3365.png,4
3366.png,5
3367.png,6
3368.png,7
3369.png,8
3370.png,9
3371.png,10
3372.png,11
3373.png,12
3374.png,13
3375.png,14
3376.png,15
3377.png,0
3378.png,1
3379.png,2
3380.png,3
3381.png,4
3382.png,5
3383.png,6
3384.png,7
3385.png,8
3386.png,9
3387.png,10
3388.png,11
3389.png,12
3390.png,13
3391.png,14
3392.png,15
3393.png,0
3394.png,1
3395.png,2
3396.png,3
3397.png,4
3398.png,5
3399.png,6
3400.png,7
3401.png,8
3202.png,9
3403.png,10
3404.png,11
3405.png,12
3406.png,13
3407.png,14
3408.png,15
3409.png,0
3410.png,1
3411.png,2
3412.png,3
3413.png,4
3414.png,5
3415.png,6
3416.png,7
3417.png,8
3418.png,9
3419.png,10
3420.png,11
3421.png,12
3422.png,13
3423.png,14
3424.png,15
3425.png,0
3426.png,1
3427.png,2
3428.png,3
3429.png,4
3430.png,5
3431.png,6
3432.png,7
3433.png,8
3434.png,9
3435.png,10
3436.png,11
3437.png,12
3438.png,13
3439.png,14
3440.png,15
3441.png,0
3442.png,1
3443.png,2
3444.png,3
3445.png,4
3446.png,5
3447.png,6
3448.png,7
3449.png,8
3450.png,9
3451.png,10
3452.png,11
3453.png,12
3454.png,13
3455.png,14
3456.png,15
3457.png,0
3458.png,0
3459.png,0
3460.png,0
3461.png,0
3462.png,0
3463.png,0
3464.png,0
3465.png,1
3466.png,1
3467.png,1
3468.png,1
3469.png,1
3470.png,1
3470.png,1
3472.png,1
3473.png,2
3474.png,2
3475.png,2
3476.png,2
3477.png,2
3478.png,2
3479.png,2
3480.png,2
3481.png,3
3482.png,3
3483.png,3
3484.png,3
3485.png,3
3486.png,3
3487.png,3
3488.png,3
3489.png,4
3490.png,4
3491.png,4
3492.png,4
3493.png,4
3494.png,4
3495.png,4
3496.png,4
3497.png,5
3498.png,5
3499.png,5
3500.png,5
3501.png,5
3502.png,5
3503.png,5
3504.png,5
3505.png,6
3506.png,6
3507.png,6
3508.png,6
3509.png,6
3510.png,6
3511.png,6
3512.png,6
3513.png,7
3514.png,7
3515.png,7
3516.png,7
3517.png,7
3518.png,7
3519.png,7
3520.png,7
3521.png,8
3522.png,8
3523.png,8
3524.png,8
3525.png,8
3526.png,8
3527.png,8
3528.png,8
3529.png,9
3530.png,9
3531.png,9
3532.png,9
3533.png,9
3534.png,9
3535.png,9
3536.png,9
3537.png,10
3538.png,10
3539.png,10
3540.png,10
3541.png,10
3542.png,10
3543.png,10
3544.png,10
3545.png,11
3546.png,11
3547.png,11
3548.png,11
3549.png,11
3550.png,11
3551.png,11
3552.png,11
3553.png,12
3554.png,12
3555.png,12
3556.png,12
3557.png,12
3558.png,12
3559.png,12
3560.png,12
3561.png,13
3562.png,13
3563.png,13
3564.png,13
3565.png,13
3566.png,13
3567.png,13
3568.png,13
3569.png,14
3570.png,14
3571.png,14
3572.png,14
3573.png,14
3574.png,14
3575.png,14
3576.png,14
3577.png,15
3578.png,15
3579.png,15
3580.png,15
3581.png,15
3582.png,15
3583.png,15
3584.png,15
3585.png,0
3586.png,1
3587.png,2
3588.png,3
3589.png,4
3590.png,5
3591.png,6
3592.png,7
3593.png,8
3594.png,9
3595.png,10
3596.png,11
3597.png,12
3598.png,13
3599.png,14
3600.png,15
3601.png,0
3602.png,1
3603.png,2
3604.png,3
3605.png,4
3606.png,5
3607.png,6
3608.png,7
3609.png,8
3610.png,9
3611.png,10
3612.png,11
3613.png,12
3614.png,13
3615.png,14
3616.png,15
3617.png,0
3618.png,1
3619.png,2
3620.png,3
3621.png,4
3622.png,5
3623.png,6
3624.png,7
3625.png,8
3626.png,9
3627.png,10
3628.png,11
3629.png,12
3630.png,13
3631.png,14
3632.png,15
3633.png,0
3634.png,1
3635.png,2
3636.png,3
3637.png,4
3638.png,5
3639.png,6
3640.png,7
3641.png,8
3642.png,9
3643.png,10
3644.png,11
3645.png,12
3646.png,13
3647.png,14
3648.png,15
3649.png,0
3650.png,1
3651.png,2
3652.png,3
3653.png,4
3654.png,5
3655.png,6
3656.png,7
3657.png,8
3658.png,9
3659.png,10
3660.png,11
3661.png,12
3662.png,13
3663.png,14
3664.png,15
3665.png,0
3666.png,1
3667.png,2
3668.png,3
3669.png,4
3670.png,5
3671.png,6
3672.png,7
3673.png,8
3674.png,9
3675.png,10
3676.png,11
3677.png,12
3678.png,13
3679.png,14
3680.png,15
3681.png,0
3682.png,1
3683.png,2
3684.png,3
3685.png,4
3686.png,5
3687.png,6
3688.png,7
3689.png,8
3690.png,9
3691.png,10
3692.png,11
3693.png,12
3694.png,13
3695.png,14
3696.png,15
3697.png,0
3698.png,1
3699.png,2
3700.png,3
3701.png,4
3702.png,5
3703.png,6
3704.png,7
3705.png,8
3706.png,9
3707.png,10
3708.png,11
3709.png,12
3710.png,13
3711.png,14
3712.png,15
3713.png,0
3714.png,0
3715.png,0
3716.png,0
3717.png,0
3718.png,0
3719.png,0
3720.png,0
3721.png,1
3722.png,1
3723.png,1
3724.png,1
3725.png,1
3726.png,1
3727.png,1
3728.png,1
3729.png,2
3730.png,2
3731.png,2
3732.png,2
3733.png,2
3734.png,2
3735.png,2
3736.png,2
3737.png,3
3738.png,3
3739.png,3
3740.png,3
3741.png,3
3742.png,3
3743.png,3
3744.png,3
3745.png,4
3746.png,4
3747.png,4
3748.png,4
3749.png,4
3750.png,4
3751.png,4
3752.png,4
3753.png,5
3754.png,5
3755.png,5
3756.png,5
3757.png,5
3758.png,5
3759.png,5
3760.png,5
3761.png,6
3762.png,6
3763.png,14
3764.png,6
3765.png,6
3766.png,6
3767.png,6
3768.png,6
3769.png,6
3770.png,7
3771.png,7
3772.png,7
3773.png,7
3774.png,7
3775.png,7
3776.png,7
3777.png,7
3778.png,8
3779.png,8
3780.png,8
3781.png,8
3782.png,8
3783.png,8
3784.png,8
3785.png,8
3786.png,9
3787.png,9
3788.png,9
3789.png,9
3790.png,9
3791.png,9
3792.png,9
3793.png,9
3794.png,10
3795.png,10
3796.png,10
3797.png,10
3798.png,10
3799.png,10
3800.png,10
3801.png,10
3802.png,11
3803.png,11
3804.png,11
3805.png,11
3806.png,11
3807.png,11
3808.png,11
3809.png,11
3810.png,12
3811.png,12
3812.png,12
3813.png,12
3814.png,12
3815.png,12
3816.png,12
3817.png,12
3818.png,13
3819.png,13
3820.png,13
3821.png,13
3822.png,13
3823.png,13
3824.png,13
3825.png,13
3826.png,14
3827.png,14
3828.png,14
3829.png,14
3830.png,14
3831.png,14
3832.png,14
3833.png,15
3834.png,15
3835.png,15
3836.png,15
3837.png,15
3838.png,15
3839.png,15
3840.png,15
